order_purchase_timestamp,orders,late_rate,delivery_days,promised_days
2016-09-01,1,1.0,54.81319444444444,18.488449074074072
2016-10-01,265,0.007547169811320755,17.944282407407407,54.15209490740741
2016-12-01,1,0.0,4.693020833333334,26.030011574074074
2017-01-01,750,0.029333333333333333,10.733645833333334,38.98290509259259
2017-02-01,1653,0.029643073200241985,10.971203703703704,30.17646990740741
2017-03-01,2546,0.04556166535742341,10.126487268518519,22.585219907407406
2017-04-01,2303,0.06556665219279201,12.748622685185186,25.47054398148148
2017-05-01,3545,0.029901269393511988,9.793333333333333,23.33525462962963
2017-06-01,3135,0.030303030303030304,10.804907407407407,23.41980324074074
2017-07-01,3872,0.027892561983471075,10.158072916666665,23.01266782407407
2017-08-01,4193,0.02909611256856666,9.769814814814815,22.552777777777777
2017-09-01,4150,0.04385542168674699,10.314432870370371,22.138738425925926
2017-10-01,4478,0.041759714158106295,10.263362268518518,22.398171296296297
2017-11-01,7288,0.12403951701427003,12.698680555555555,22.269305555555555
2017-12-01,5513,0.07455106112824234,13.1421875,27.43806712962963
2018-01-01,7069,0.05700947800254633,11.830115740740741,25.569814814814816
2018-02-01,6555,0.14126620900076278,14.26375,24.260381944444443
2018-03-01,7003,0.18963301442239042,13.367731481481481,21.323680555555555
2018-04-01,6798,0.04501323918799647,9.314728009259259,23.41991898148148
2018-05-01,6749,0.06563935397836716,9.14787037037037,21.464895833333333
2018-06-01,6096,0.011646981627296589,7.95761574074074,27.27822337962963
2018-07-01,6156,0.03378817413905133,7.5017245370370365,19.332650462962963
2018-08-01,6351,0.061880018894662256,7.013703703703704,13.439317129629629
