feature,mutual_information
num__month_cos,0.01184071362337491
num__month_sin,0.008664714154693165
num__freight,0.007140050316126745
num__interstate_share,0.006165790141557714
cat__customer_state_RJ,0.005383213405789289
cat__customer_state_SP,0.0042036755304035445
num__log_value,0.002620587050907508
num__item_value,0.002090906388634295
num__freight_ratio,0.0017465724850860287
num__promised_days,0.0016637598933479936
num__value_per_item,0.0014083141459211301
cat__customer_state_CE,0.0011045203204466635
cat__customer_state_MG,0.0010232939966672537
num__purchase_hour,0.0005993775135788172
cat__customer_state_MA,0.0005946611549385011
cat__customer_state_PR,0.0005560985076675812
num__seller_count,0.0005364011210637008
cat__customer_state_BA,0.0005007143022395036
num__item_count,0.00033983536349122033
cat__customer_state_SC,0.00033496085173232923
num__weekday,0.00025837891862637297
cat__value_band_budget,0.00018568365079817128
cat__customer_state_AL,0.00017369431776924522
cat__value_band_premium,0.0001710915441956451
cat__customer_state_DF,0.00011386215333954088
cat__customer_state_AC,7.64169239494232e-05
cat__customer_state_PI,6.445620078143408e-05
cat__customer_state_AP,5.5187315701233546e-05
cat__customer_state_SE,4.513987886122731e-05
cat__value_band_high_value,4.505161137171795e-05
cat__customer_state_ES,3.732941641046081e-05
cat__customer_state_RR,2.758059525504906e-05
cat__customer_state_PA,2.5916122271658903e-05
cat__customer_state_MT,2.494817677861248e-05
cat__customer_state_PB,1.6391809516061104e-05
cat__customer_state_GO,8.150593836559958e-06
cat__customer_state_TO,7.439899152793597e-06
cat__customer_state_RO,4.966934270584202e-06
cat__customer_state_MS,3.0653891855110874e-06
num__weekend,1.3945437166429375e-06
cat__value_band_standard,8.219741243903345e-07
cat__customer_state_RS,2.5661182646158354e-07
cat__customer_state_RN,1.8472290582360537e-07
cat__customer_state_PE,3.797291419412735e-08
cat__customer_state_AM,3.06446168654587e-08
num__weight_g,0.0
