,PC1,PC2,PC3,PC4,PC5,PC6,PC7,PC8,PC9,PC10
item_value,0.47979938940010175,-0.1277928193473277,0.06137956267865528,-0.08107828075818463,-0.03813669224511564,0.002523732204900546,-0.016139265117101776,-0.0502620095657118,0.40162863277676125,0.13197189531614423
freight,0.36056885310919684,0.36786003739394013,-0.18406818755778656,0.19038240862652,-0.07878942358596965,0.16558666393769622,-0.144405819091208,0.04076123365953224,-0.04987575723829149,-0.046490901576895755
item_count,0.16219106628277408,0.26593825392668646,-0.19348480877968133,0.48817818260285534,0.1109188628570283,-0.10155320400530701,0.08398554685228125,0.03937521563483455,-0.07116929337457409,0.6804566060203863
seller_count,0.06387471274047615,0.1389417795162232,-0.08144801585229663,0.3486894261707542,0.23152140431294366,-0.5052508483785364,0.4751828606521624,-0.1895962095830079,0.22993182467663695,-0.472351325905503
weight_g,0.33125849576265104,0.15917333930267133,-0.1033790073739664,0.24718034680751735,-0.09660145854022092,0.2901522920004062,-0.2653963616079561,0.15185536056247725,-0.2529161750995298,-0.5223124137716326
interstate_share,0.08838532900110414,0.41260048303767394,-0.10229596702054883,-0.4792505142798174,-0.038333674397022365,-0.08598575922651376,0.14461728652852454,-0.24468676947624646,-0.13873196408759986,0.09901702792607077
promised_days,0.10578043242953185,0.44005948710168663,-0.05385990419878439,-0.4596151503528063,0.03299842325294156,-0.14422087942784087,0.11054862648928036,0.042001234357030286,-0.1669192644301042,-0.06182523069202743
freight_ratio,-0.23031427721211306,0.41299143865461185,-0.17919820224429045,0.02807291910294792,-0.1659875559549604,0.19348579550455908,-0.17405286347474047,-0.05244825410752333,0.627804285006837,-0.012043605068397752
log_value,0.47900134613872897,-0.15839144736645977,0.0726603069128777,-0.05161272457624883,0.0635444966145647,-0.10557067538765431,0.0994740304226494,-0.006717477838910874,-0.2357193107989035,0.0827638776450655
value_per_item,0.4451113102591364,-0.19617674741246344,0.11032610876335999,-0.2016835030429005,-0.06202164270590459,0.013854653413080405,-0.02377773136080571,-0.06360266308829544,0.43282897050382746,0.0039870384184701926
purchase_hour,0.0034545338781388625,-0.005037656551880399,0.048939389474165935,0.0274746324620485,-0.06985938438540526,0.6615841973894466,0.7421953138585666,0.014764852741985678,0.0021733959583916935,0.007106896187762077
weekday,-0.001820587457682672,0.2563487332284048,0.6476359545367791,0.10718719851037492,-0.0076202916153274725,-0.022629946584431036,-0.05322733587214867,-0.007332364178341327,-0.00119462964435421,0.018120684445400125
month_sin,-0.00276379726485562,0.009334877459544177,-0.005672006917791058,-0.006442280011863813,-0.6522599962871842,-0.3201088594343545,0.2181034143964167,0.6413900142285751,0.03867585812317755,0.010944856637049655
month_cos,0.004654427056121152,0.08968989293143541,0.016403227683055605,-0.15697556152268463,0.6693079454065114,0.07162540196324557,0.00204879344778189,0.6744680571723862,0.16925044568883266,-0.012294210006815182
weekend,-0.0027358519761516674,0.24715539526871716,0.65002825371694,0.1191568415896395,-0.027411118242648518,0.0047044943759894835,-0.02117972180103673,-0.014766008137376547,0.002744068052246756,0.013691223482468816
