customer_state,sum,count,mean,lower,upper
MA,125,717,0.17433751743375175,0.14832174717185437,0.20382441087451808
CE,176,1279,0.1376075058639562,0.11981013849545671,0.15757531579601622
BA,396,3256,0.12162162162162163,0.11083838058039665,0.13329667187123173
RJ,1495,12350,0.12105263157894737,0.11541720096977034,0.12692374016711455
PA,106,946,0.11205073995771671,0.0934984711461159,0.13374110227328373
ES,214,1995,0.10726817042606517,0.09443564157220481,0.121610292232655
PB,54,517,0.10444874274661509,0.08093833034180577,0.1337941334245293
MS,68,701,0.09700427960057062,0.0772407500579912,0.12116070638271832
PE,153,1593,0.096045197740113,0.08253209558612706,0.11150192757559418
SC,291,3546,0.08206429780033841,0.07347636216885044,0.09155680438145421
GO,128,1957,0.06540623403168115,0.05528111035252675,0.07723423407917032
RS,325,5344,0.06081586826347305,0.054718125260006745,0.06754458349337145
MT,53,886,0.05981941309255079,0.0460221816377096,0.07741731590882002
DF,118,2080,0.05673076923076923,0.04758206033127309,0.06751382795505347
MG,519,11354,0.04571076272679232,0.04202023043120807,0.049708606498512796
SP,1820,40494,0.044944930113103174,0.04296975768170032,0.04700643502482654
PR,199,4923,0.04042250660166565,0.03526968721716783,0.04629201754719886
